<?xml version="1.0" encoding="UTF-8"?>
<beans xmlns="http://www.springframework.org/schema/beans"
	xmlns:xsi="http://www.w3.org/2001/XMLSchema-instance"
	xsi:schemaLocation="
    http://www.springframework.org/schema/beans http://www.springframework.org/schema/beans/spring-beans-3.0.xsd">

	
	<!-- This event producer bean is declared primarily for publishing Bootstrap lifecycle events -->
	<bean id="platformEventProducer" class="org.trpr.platform.core.impl.event.PlatformEventProducerImpl"/>

    <!--The types of URI based subscriptions supported by this runtime-->
    <bean id="applicationEventMulticaster" class="org.trpr.platform.core.impl.event.PlatformEventMulticaster">
        <property name="subscriptions">
            <list>
                <value>evt://com.flipkart.aesop.runtime.events.CLIENT_REGISTRATION</value>
            </list>
        </property>
    </bean>

	<bean id="configService" class="com.flipkart.aesop.runtime.impl.admin.RuntimeConfigServiceImpl">
	</bean>

    <bean id="runtimeRegistry" class="com.flipkart.aesop.runtime.impl.registry.ServerContainerRegistry" />

</beans>
