<?xml version="1.0" encoding="UTF-8"?>
<beans xmlns="http://www.springframework.org/schema/beans"
	xmlns:xsi="http://www.w3.org/2001/XMLSchema-instance"
	xsi:schemaLocation="
    http://www.springframework.org/schema/beans http://www.springframework.org/schema/beans/spring-beans-3.0.xsd">

	<!-- The Jetty server beans  -->
    <bean id="jettyServer" class="org.eclipse.jetty.server.Server" init-method="start"> <!-- Dont specify destroy-method attribute here as it shutsdown the JVM -->
		<property name="threadPool">  
		     <bean id="ThreadPool" class="org.eclipse.jetty.util.thread.QueuedThreadPool" destroy-method="stop"> <!-- Specify the destroy-method here to close the thread pool-->
		     	<property name="name" value="Jetty-Listener"/>
		        <property name="minThreads" value="6"/>
		        <property name="maxThreads" value="12"/>
		     </bean>
		</property>   
        <property name="connectors">
            <list>
                <bean id="Connector" class="org.eclipse.jetty.server.nio.SelectChannelConnector" destroy-method="stop"> <!-- Specify the destroy-method here to close the server socket -->
                    <property name="port" value="${runtime.server.jetty.admin.port}"/>
                    <property name="acceptors" value="3"/>
                </bean>
            </list>
        </property>
       <property name="handler">
            <bean id="handlers"
                  class="org.eclipse.jetty.server.handler.HandlerCollection">
                <property name="handlers">
                    <list>
                        <bean id="contexts"
                              class="org.eclipse.jetty.server.handler.ContextHandlerCollection">
                            <property name="handlers">
                                <list>
                                    <bean class="com.flipkart.aesop.runtime.jetty.JettyWebAppContextFactory">
										<property name="contextName" value="/"/>
										<property name="contextPath" value="WEB-INF"/>	
										<property name="maxFormContentSize" value="${runtime.server.jetty.maxFormContentSize}"/>                                    	
                                    </bean>
                                </list>
                            </property>
                        </bean>
                    </list>
                </property>
            </bean>
        </property>
    </bean>
	<bean class="org.trpr.platform.runtime.impl.config.spring.PropertyPlaceholderConfigurer">
        <property name="defaultPropertiesOnClasspath">
            <value>packaged/default-runtime-config.properties</value>
        </property>
        <property name="propertiesOnConfigPath">
            <value>runtime-config.properties</value>
        </property>
	</bean>    
</beans>
