<?xml version="1.0" encoding="UTF-8"?>
<beans xmlns="http://www.springframework.org/schema/beans"
	xmlns:xsi="http://www.w3.org/2001/XMLSchema-instance"
	xsi:schemaLocation="
    http://www.springframework.org/schema/beans http://www.springframework.org/schema/beans/spring-beans-3.0.xsd">

    <bean id="sampleClient" class="com.flipkart.aesop.runtime.client.DefaultClientFactory">
    	<property name="clientConfig" ref="clientConfig"/>
    	<property name="consumerRegistrationList">
    		<list>
    			<bean class="com.flipkart.aesop.runtime.config.ConsumerRegistration">
    				<property name="eventConsumer">
    					<bean class="com.flipkart.aesop.client.sample.PersonEventConsumer"/>
    				</property>
    				<property name="logicalSources">
						<list value-type="java.lang.String">
							<value>com.flipkart.aesop.events.sample.person.Person</value>
						</list>
    				</property>
    				
    			</bean>
    		</list>
    	</property>
    </bean>

    <bean id="clientConfig" class="com.flipkart.aesop.runtime.config.ClientConfig">
    	<property name="clientProperties">
			<bean id="clientPropertiesFactory" class="org.springframework.beans.factory.config.PropertiesFactoryBean">
		    	<property name="singleton" value="true"/>
		    	<property name="properties">
		    		<props>
			        	<prop key="databus.client.container.httpPort">11126</prop>
						<prop key="databus.client.container.jmx.rmiEnabled">false</prop>
						<prop key="databus.client.connectionDefaults.pullerRetries.initSleep">1</prop>
						<prop key="databus.client.checkpointPersistence.clearBeforeUse">false</prop>
						<prop key="databus.client.connectionDefaults.enablePullerMessageQueueLogging">false</prop>
						<prop key="databus.client.loggingListener.runtime.enabled">false</prop>
			        </props>
			    </property>    
	    	</bean>    	
    	</property>
		<property name="relayClientConfigs">
			<list>
				<bean class="com.flipkart.aesop.runtime.config.RelayClientConfig">
					<property name="relayId" value="100" />
					<property name="relayHost" value="localhost" />
					<property name="relayPort" value="25021" />
					<property name="relayLogicalSourceNames">
						<list value-type="java.lang.String">
							<value>com.flipkart.aesop.events.sample.person.Person</value>
						</list>
					</property>
				</bean>
			</list>
		</property>
<!-- 	
		<property name="bootstrapClientConfigs">
			<list>
				<bean class="com.flipkart.aesop.runtime.config.BootstrapClientConfig">
					<property name="bootstrapId" value="101" />
					<property name="bootstrapHost" value="localhost" />
					<property name="bootstrapPort" value="11145" />
					<property name="bootstrapLogicalSourceNames">
						<list value-type="java.lang.String">
							<value>com.flipkart.aesop.events.sample.person.Person</value>
						</list>
					</property>
				</bean>
			</list>
		</property>
 -->		
 	<property name="checkpointDirectoryLocation" value="../../../sandbox/client_checkpoint_directory"/> <!-- This is relative to projects root -->
    </bean>

</beans>
