<configuration>

	<appender name="STDOUT" class="ch.qos.logback.core.ConsoleAppender">
    	<encoder>
      		<pattern>%d{HH:mm:ss.SSS} [%thread] %-5level %class{36}.%M %L %logger{36} - %msg%n</pattern>
    	</encoder>
  	</appender>
  	
  	<appender name="FILE" class="ch.qos.logback.core.FileAppender">
    	<file>/tmp/sample-elastic-search-client-cluster-consumer/sample-mysql-relay.log</file>
    	<append>true</append>
    <encoder>
      <pattern>%d{HH:mm:ss.SSS} [%thread] %-5level %class{36}.%M %L  %logger{36} - %msg%n</pattern>
    </encoder>
  </appender>
  	
   	<!-- Set some of the 3rd party libraries to log only at INFO or higher levels -->
	<logger name="org.springframework" level="info"/>

	<root level="info">
    	<appender-ref ref="STDOUT" />
    	 <appender-ref ref="FILE" />
 	</root>
   
</configuration>