<?xml version="1.0" encoding="UTF-8"?>
<!DOCTYPE beans PUBLIC "-//SPRING//DTD BEAN 2.0//EN" "http://www.springframework.org/dtd/spring-beans-2.0.dtd">
<beans>
	<bean id="bootstrapInfo" class="org.trpr.platform.runtime.spi.bootstrap.BootstrapInfo">
		<property name="projectsRoot" value="$RUNTIME_CONFIG_PATH/../../" />
		<property name="applicationName" value="Sample Snapshot Serializer Runtime" />
		<property name="runtimeNature" value="server" />
		<property name="container" ref="containerImpl" />
		<property name="componentContainerClassName" value="org.trpr.platform.batch.impl.spring.SpringBatchComponentContainer" />
	</bean>

	<bean id="containerImpl" class="org.trpr.platform.runtime.impl.container.spring.SpringContainerImpl">
	</bean>
 
</beans>