<?xml version="1.0" encoding="UTF-8"?>
<!DOCTYPE beans PUBLIC "-//SPRING//DTD BEAN 2.0//EN" "http://www.springframework.org/dtd/spring-beans-2.0.dtd">
<beans>
    <bean id="bootstrapInfo" class="org.trpr.platform.runtime.spi.bootstrap.BootstrapInfo">
        <property name="projectsRoot" value="$RUNTIME_CONFIG_PATH/../../" />
        <property name="applicationName" value="Aesop Sample Bootstrap Server" />
        <property name="runtimeNature" value="server" />
        <property name="container" ref="containerImpl" />
        <property name="componentContainerClassName" value="com.flipkart.aesop.runtime.spring.BootstrapRuntimeComponentContainer" />
    </bean>

    <bean id="containerImpl" class="org.trpr.platform.runtime.impl.container.spring.SpringContainerImpl">
    </bean>

</beans>
