<?xml version="1.0" encoding="UTF-8"?>
<beans xmlns="http://www.springframework.org/schema/beans"
	xmlns:xsi="http://www.w3.org/2001/XMLSchema-instance"
	xsi:schemaLocation="
    http://www.springframework.org/schema/beans http://www.springframework.org/schema/beans/spring-beans-3.0.xsd">

    <bean id="sampleBootstrapServer" class="com.flipkart.aesop.runtime.bootstrap.DefaultBootstrapServerFactory">
    	<property name="bootstrapConfig" ref="bootstrapConfig"/>
    </bean>

    <bean id="bootstrapConfig" class="com.flipkart.aesop.runtime.config.BootstrapConfig">
    	<property name="bootstrapProperties">
			<bean id="bootstrapPropertiesFactory" class="org.springframework.beans.factory.config.PropertiesFactoryBean">
		    	<property name="singleton" value="true"/>
		    	<property name="properties">
		    		<props>
			        	<prop key="databus.bootstrap.db.bootstrapDBHostname">localhost</prop>
						<prop key="databus.bootstrap.db.bootstrapDBUsername">bootstrap</prop>
						<prop key="databus.bootstrap.db.bootstrapDBPassword">bootstrap</prop>
						<prop key="databus.bootstrap.db.bootstrapLogSize">1024000</prop>
						<prop key="databus.bootstrap.db.bootstrapBatchSize">1000</prop>
						<prop key="databus.bootstrap.db.container.httpPort">11145</prop>
						<prop key="databus.bootstrap.db.container.jmx.rmiEnabled">false</prop>
						<prop key="databus.bootstrap.enableMinScnCheck">false</prop>
						<prop key="databus.bootstrap.defaultRowsThresholdForSnapshotBypass">-1</prop>
			        </props>
			    </property>    
	    	</bean>    	
    	</property>
		<property name="checkpointDirectoryLocation" value="../../../sandbox/bootstrap_checkpoint_directory"/> <!-- This is relative to projects root -->    	
    </bean>

</beans>
