<configuration>

        <appender name="STDOUT" class="ch.qos.logback.core.ConsoleAppender">
                <encoder>
                        <pattern>%d{HH:mm:ss.SSS} [%thread] %-5level %logger{36}.%M %L - %msg%n</pattern>
                </encoder>
        </appender>

        <appender name="FILE" class="ch.qos.logback.core.FileAppender">
                <file>/var/log/flipkart/payzippy-databus/mysql-client-cluster/mysql-client-cluster.log
                </file>
                <append>true</append>
                <encoder>
                        <pattern>%d{HH:mm:ss.SSS} [%thread] %-5level %logger{36}.%M %L - %msg%n</pattern>
                </encoder>
        </appender>

        <appender name="ROLLING_FILE"
                class="ch.qos.logback.core.rolling.RollingFileAppender">
                <file>/var/log/flipkart/payzippy-databus/mysql-client-cluster/mysql-client-cluster.log</file>
                <rollingPolicy class="ch.qos.logback.core.rolling.TimeBasedRollingPolicy">
                        <fileNamePattern>/var/log/flipkart/payzippy-databus/mysql-client-cluster/mysql-client-cluster.log.%d{yyyy-MM-dd}
                        </fileNamePattern>
                        <maxHistory>100</maxHistory>
                </rollingPolicy>

                <encoder>
                        <pattern>%d{HH:mm:ss.SSS} [%thread] %-5level %logger{36}.%M %L - %msg%n </pattern>
                </encoder>
        </appender>


        <!-- Set some of the 3rd party libraries to log only at INFO or higher levels -->
        <logger name="org.springframework" level="info" />

        <root level="info">
			<appender-ref ref="ROLLING_FILE" /> <appender-ref ref="STDOUT" />
        </root>

</configuration>