<?xml version="1.0" encoding="UTF-8"?>
<beans xmlns="http://www.springframework.org/schema/beans"
  xmlns:xsi="http://www.w3.org/2001/XMLSchema-instance"
  xmlns:context="http://www.springframework.org/schema/context"
  xmlns:mvc="http://www.springframework.org/schema/mvc"
  xsi:schemaLocation="
http://www.springframework.org/schema/mvc 
http://www.springframework.org/schema/mvc/spring-mvc-3.0.xsd
http://www.springframework.org/schema/beans 
http://www.springframework.org/schema/beans/spring-beans-3.0.xsd
http://www.springframework.org/schema/context 
http://www.springframework.org/schema/context/spring-context-3.0.xsd">

    <context:annotation-config />

    <!-- controllers -->
    <bean class="com.flipkart.aesop.runtime.spring.web.RelayController">
        <property name="runtimeRegistry" ref="runtimeRegistry"></property>
        <property name="configService" ref="configService" />
    </bean>

    <!-- freemarker config -->
    <bean id="freemarkerConfig" class="org.springframework.web.servlet.view.freemarker.FreeMarkerConfigurer">
        <property name="templateLoaderPath" value="/WEB-INF/pages/"/>
    </bean>
     
    <!-- view resolver -->
    <bean id="viewResolver" class="org.springframework.web.servlet.view.freemarker.FreeMarkerViewResolver">
        <property name="cache" value="true"/>
        <property name="prefix" value=""/>
        <property name="suffix" value=".ftl"/>
    </bean>

    <!-- resources -->
	<mvc:resources mapping="/resources/**" location="/WEB-INF/pages/resources/" />
	<mvc:resources mapping="/favicon.ico" location="/WEB-INF/web/resources/images/favicon.ico" />
    <mvc:annotation-driven />

</beans>
